t,selected_particle_name,selected_particle_hypothesis,action_key,action_box,outcome,candidate_actions,fallback_actions,state_before_opened_count,state_before_opened_boxes,state_before_success_pairs,state_before_theta,state_after_opened_count,state_after_opened_boxes,state_after_success_pairs,state_after_theta,particle_probs,generate_invalid_count,refine_invalid_count
1,generated_1,"def predict(key, box) -> bool:
    # According to the teacher's demonstration: ""use a key that matches the color of the box""
    # So the primary rule is color matching
    if key.color == box.color:
        return True
    
    # Additionally, check for shape matching: key.shape should match box.shape
    if key.shape is not None and key.shape == box.shape:
        return True
    
    # Also check for number matching: key.number should equal box.number
    if key.number is not None and key.number == box.number:
        return True
    
    return False",cloud,pink,False,"[['red', 'red'], ['pink', 'pink'], ['grey2', 'pink'], ['cloud', 'pink'], ['orange4', 'white'], ['green3', 'purple'], ['blue', 'blue'], ['yellow5', 'blue'], ['heart', 'purple'], ['white', 'white'], ['triangle', 'blue'], ['diamond', 'white'], ['purple', 'purple']]","[['red', 'pink'], ['red', 'white'], ['red', 'purple'], ['red', 'blue'], ['pink', 'red'], ['pink', 'white'], ['pink', 'purple'], ['pink', 'blue'], ['grey2', 'red'], ['grey2', 'white'], ['grey2', 'purple'], ['grey2', 'blue'], ['cloud', 'red'], ['cloud', 'white'], ['cloud', 'purple'], ['cloud', 'blue'], ['orange4', 'red'], ['orange4', 'pink'], ['orange4', 'purple'], ['orange4', 'blue'], ['green3', 'red'], ['green3', 'pink'], ['green3', 'white'], ['green3', 'blue'], ['blue', 'red'], ['blue', 'pink'], ['blue', 'white'], ['blue', 'purple'], ['yellow5', 'red'], ['yellow5', 'pink'], ['yellow5', 'white'], ['yellow5', 'purple'], ['heart', 'red'], ['heart', 'pink'], ['heart', 'white'], ['heart', 'blue'], ['white', 'red'], ['white', 'pink'], ['white', 'purple'], ['white', 'blue'], ['triangle', 'red'], ['triangle', 'pink'], ['triangle', 'white'], ['triangle', 'purple'], ['diamond', 'red'], ['diamond', 'pink'], ['diamond', 'purple'], ['diamond', 'blue'], ['purple', 'red'], ['purple', 'pink'], ['purple', 'white'], ['purple', 'blue']]",0,,[],0.95,0,,[],0.9047619047619048,{'generated_2': 1.0},0,0
2,generated_2,"def predict(key, box) -> bool:
    if key.color == box.color:
        return True
    if key.shape == box.shape:
        return True
    if key.number == box.number:
        return True
    return False",green3,purple,True,"[['red', 'red'], ['pink', 'pink'], ['grey2', 'pink'], ['cloud', 'pink'], ['orange4', 'white'], ['green3', 'purple'], ['blue', 'blue'], ['yellow5', 'blue'], ['heart', 'purple'], ['white', 'white'], ['triangle', 'blue'], ['diamond', 'white'], ['purple', 'purple']]","[['red', 'pink'], ['red', 'white'], ['red', 'purple'], ['red', 'blue'], ['pink', 'red'], ['pink', 'white'], ['pink', 'purple'], ['pink', 'blue'], ['grey2', 'red'], ['grey2', 'white'], ['grey2', 'purple'], ['grey2', 'blue'], ['cloud', 'red'], ['cloud', 'white'], ['cloud', 'purple'], ['cloud', 'blue'], ['orange4', 'red'], ['orange4', 'pink'], ['orange4', 'purple'], ['orange4', 'blue'], ['green3', 'red'], ['green3', 'pink'], ['green3', 'white'], ['green3', 'blue'], ['blue', 'red'], ['blue', 'pink'], ['blue', 'white'], ['blue', 'purple'], ['yellow5', 'red'], ['yellow5', 'pink'], ['yellow5', 'white'], ['yellow5', 'purple'], ['heart', 'red'], ['heart', 'pink'], ['heart', 'white'], ['heart', 'blue'], ['white', 'red'], ['white', 'pink'], ['white', 'purple'], ['white', 'blue'], ['triangle', 'red'], ['triangle', 'pink'], ['triangle', 'white'], ['triangle', 'purple'], ['diamond', 'red'], ['diamond', 'pink'], ['diamond', 'purple'], ['diamond', 'blue'], ['purple', 'red'], ['purple', 'pink'], ['purple', 'white'], ['purple', 'blue']]",0,,[],0.9047619047619048,1,purple,"[['green3', 'purple']]",0.9090909090909091,{'generated_3': 1.0},0,0
3,generated_3,"def predict(key, box) -> bool:
    if key.color == box.color:
        return True
    if key.shape == box.shape:
        return True
    if key.number == box.number:
        return True
    return False",red,red,True,"[['red', 'red'], ['pink', 'pink'], ['grey2', 'pink'], ['cloud', 'pink'], ['orange4', 'white'], ['blue', 'blue'], ['yellow5', 'blue'], ['white', 'white'], ['triangle', 'blue'], ['diamond', 'white']]","[['red', 'pink'], ['red', 'white'], ['red', 'blue'], ['pink', 'red'], ['pink', 'white'], ['pink', 'blue'], ['grey2', 'red'], ['grey2', 'white'], ['grey2', 'blue'], ['cloud', 'red'], ['cloud', 'white'], ['cloud', 'blue'], ['orange4', 'red'], ['orange4', 'pink'], ['orange4', 'blue'], ['green3', 'red'], ['green3', 'pink'], ['green3', 'white'], ['green3', 'blue'], ['blue', 'red'], ['blue', 'pink'], ['blue', 'white'], ['yellow5', 'red'], ['yellow5', 'pink'], ['yellow5', 'white'], ['heart', 'red'], ['heart', 'pink'], ['heart', 'white'], ['heart', 'blue'], ['white', 'red'], ['white', 'pink'], ['white', 'blue'], ['triangle', 'red'], ['triangle', 'pink'], ['triangle', 'white'], ['diamond', 'red'], ['diamond', 'pink'], ['diamond', 'blue'], ['purple', 'red'], ['purple', 'pink'], ['purple', 'white'], ['purple', 'blue']]",1,purple,"[['green3', 'purple']]",0.9090909090909091,2,purple|red,"[['green3', 'purple'], ['red', 'red']]",0.9130434782608695,{'generated_4': 1.0},0,0
4,generated_4,"def predict(key, box) -> bool:
    if key.color == box.color:
        return True
    if key.shape == box.shape:
        return True
    if key.number == box.number:
        return True
    return False",cloud,pink,False,"[['pink', 'pink'], ['grey2', 'pink'], ['cloud', 'pink'], ['orange4', 'white'], ['blue', 'blue'], ['yellow5', 'blue'], ['white', 'white'], ['triangle', 'blue'], ['diamond', 'white']]","[['red', 'pink'], ['red', 'white'], ['red', 'blue'], ['pink', 'white'], ['pink', 'blue'], ['grey2', 'white'], ['grey2', 'blue'], ['cloud', 'white'], ['cloud', 'blue'], ['orange4', 'pink'], ['orange4', 'blue'], ['green3', 'pink'], ['green3', 'white'], ['green3', 'blue'], ['blue', 'pink'], ['blue', 'white'], ['yellow5', 'pink'], ['yellow5', 'white'], ['heart', 'pink'], ['heart', 'white'], ['heart', 'blue'], ['white', 'pink'], ['white', 'blue'], ['triangle', 'pink'], ['triangle', 'white'], ['diamond', 'pink'], ['diamond', 'blue'], ['purple', 'pink'], ['purple', 'white'], ['purple', 'blue']]",2,purple|red,"[['green3', 'purple'], ['red', 'red']]",0.9130434782608695,2,purple|red,"[['green3', 'purple'], ['red', 'red']]",0.875,{'generated_5': 1.0},0,0
5,generated_5,"def predict(key, box) -> bool:
    if key.color == box.color:
        return True
    if key.shape == box.shape and key.shape is not None:
        return True
    if key.number == box.number and key.number is not None:
        return True
    return False",grey2,pink,True,"[['pink', 'pink'], ['grey2', 'pink'], ['cloud', 'pink'], ['orange4', 'white'], ['blue', 'blue'], ['yellow5', 'blue'], ['white', 'white'], ['triangle', 'blue'], ['diamond', 'white']]","[['red', 'pink'], ['red', 'white'], ['red', 'blue'], ['pink', 'white'], ['pink', 'blue'], ['grey2', 'white'], ['grey2', 'blue'], ['cloud', 'white'], ['cloud', 'blue'], ['orange4', 'pink'], ['orange4', 'blue'], ['green3', 'pink'], ['green3', 'white'], ['green3', 'blue'], ['blue', 'pink'], ['blue', 'white'], ['yellow5', 'pink'], ['yellow5', 'white'], ['heart', 'pink'], ['heart', 'white'], ['heart', 'blue'], ['white', 'pink'], ['white', 'blue'], ['triangle', 'pink'], ['triangle', 'white'], ['diamond', 'pink'], ['diamond', 'blue'], ['purple', 'pink'], ['purple', 'white'], ['purple', 'blue']]",2,purple|red,"[['green3', 'purple'], ['red', 'red']]",0.875,3,pink|purple|red,"[['green3', 'purple'], ['grey2', 'pink'], ['red', 'red']]",0.88,{'generated_6': 1.0},0,0
6,generated_6,"def predict(key, box) -> bool:
    if key.color == box.color:
        return True
    if key.shape == box.shape and key.shape is not None:
        return True
    if key.number == box.number and key.number is not None:
        return True
    return False",orange4,white,True,"[['orange4', 'white'], ['blue', 'blue'], ['yellow5', 'blue'], ['white', 'white'], ['triangle', 'blue'], ['diamond', 'white']]","[['red', 'white'], ['red', 'blue'], ['pink', 'white'], ['pink', 'blue'], ['grey2', 'white'], ['grey2', 'blue'], ['cloud', 'white'], ['cloud', 'blue'], ['orange4', 'blue'], ['green3', 'white'], ['green3', 'blue'], ['blue', 'white'], ['yellow5', 'white'], ['heart', 'white'], ['heart', 'blue'], ['white', 'blue'], ['triangle', 'white'], ['diamond', 'blue'], ['purple', 'white'], ['purple', 'blue']]",3,pink|purple|red,"[['green3', 'purple'], ['grey2', 'pink'], ['red', 'red']]",0.88,4,pink|purple|red|white,"[['green3', 'purple'], ['grey2', 'pink'], ['orange4', 'white'], ['red', 'red']]",0.8846153846153846,{'generated_7': 1.0},0,0
7,generated_7,"def predict(key, box) -> bool:
    if key.color == box.color:
        return True
    if key.shape == box.shape and key.shape is not None:
        return True
    if key.number == box.number and key.number is not None:
        return True
    return False",yellow5,blue,True,"[['blue', 'blue'], ['yellow5', 'blue'], ['triangle', 'blue']]","[['red', 'blue'], ['pink', 'blue'], ['grey2', 'blue'], ['cloud', 'blue'], ['orange4', 'blue'], ['green3', 'blue'], ['heart', 'blue'], ['white', 'blue'], ['diamond', 'blue'], ['purple', 'blue']]",4,pink|purple|red|white,"[['green3', 'purple'], ['grey2', 'pink'], ['orange4', 'white'], ['red', 'red']]",0.8846153846153846,5,blue|pink|purple|red|white,"[['green3', 'purple'], ['grey2', 'pink'], ['orange4', 'white'], ['red', 'red'], ['yellow5', 'blue']]",0.8888888888888888,{'generated_8': 1.0},0,0
